{"cameraMode":{"drawMode":0,"name":"Shaded","section":"Shading Mode"},"sceneLighting":false,"audioPlay":false,"sceneViewState":{"showFog":true,"showMaterialUpdate":false,"showSkybox":true,"showFlares":true,"showImageEffects":true,"showParticleSystems":true},"in2DMode":false,"pivot":{"x":4.170000076293945,"y":1.0089999437332154,"z":0.0},"rotation":{"x":0.030503205955028535,"y":0.15825574100017548,"z":-0.004892413504421711,"w":0.9869213104248047},"size":2.8578836917877199,"orthographic":false}